2,Jumanji (1995),Adventure|Children|Fantasy
3,Grumpier Old Men (1995),Comedy|Romance
5,Father of the Bride Part II (1995),Comedy
6,Heat (1995),Action|Crime|Thriller
7,Sabrina (1995),Comedy|Romance
18,Four Rooms (1995),Comedy
19,Ace Ventura: When Nature Calls (1995),Comedy
22,Copycat (1995),Crime|Drama|Horror|Mystery|Thriller
23,Assassins (1995),Action|Crime|Thriller
25,Leaving Las Vegas (1995),Drama|Romance
29,"City of Lost Children, The (Cité des enfants perdus, La) (1995)",Adventure|Drama|Fantasy|Mystery|Sci-Fi
31,Dangerous Minds (1995),Drama
32,Twelve Monkeys (a.k.a. 12 Monkeys) (1995),Mystery|Sci-Fi|Thriller
34,Babe (1995),Children|Drama
38,It Takes Two (1995),Children|Comedy
39,Clueless (1995),Comedy|Romance
40,"Cry, the Beloved Country (1995)",Drama
41,Richard III (1995),Drama|War
42,Dead Presidents (1995),Action|Crime|Drama
43,Restoration (1995),Drama
45,To Die For (1995),Comedy|Drama|Thriller
46,How to Make an American Quilt (1995),Drama|Romance
49,When Night Is Falling (1995),Drama|Romance
50,"Usual Suspects, The (1995)",Crime|Mystery|Thriller
53,Lamerica (1994),Adventure|Drama
54,"Big Green, The (1995)",Children|Comedy
58,"Postman, The (Postino, Il) (1994)",Comedy|Drama|Romance
61,Eye for an Eye (1996),Drama|Thriller
62,Mr. Holland's Opus (1995),Drama
63,Don't Be a Menace to South Central While Drinking Your Juice in the Hood (1996),Comedy|Crime
64,Two if by Sea (1996),Comedy|Romance
66,Lawnmower Man 2: Beyond Cyberspace (1996),Action|Sci-Fi|Thriller
73,"Misérables, Les (1995)",Drama|War
74,Bed of Roses (1996),Drama|Romance
75,Big Bully (1996),Comedy|Drama
77,Nico Icon (1995),Documentary
83,Once Upon a Time... When We Were Colored (1995),Drama|Romance
85,Angels and Insects (1995),Drama|Romance
86,White Squall (1996),Action|Adventure|Drama
87,Dunston Checks In (1996),Children|Comedy
88,Black Sheep (1996),Comedy
89,Nick of Time (1995),Action|Thriller
92,Mary Reilly (1996),Drama|Horror|Thriller
99,Heidi Fleiss: Hollywood Madam (1995),Documentary
100,City Hall (1996),Drama|Thriller
101,Bottle Rocket (1996),Adventure|Comedy|Crime|Romance
103,Unforgettable (1996),Mystery|Sci-Fi|Thriller
105,"Bridges of Madison County, The (1995)",Drama|Romance
106,Nobody Loves Me (Keiner liebt mich) (1994),Comedy|Drama
108,Catwalk (1996),Documentary
118,If Lucy Fell (1996),Comedy|Romance
119,"Steal Big, Steal Little (1995)",Comedy
121,"Boys of St. Vincent, The (1992)",Drama
122,Boomerang (1992),Comedy|Romance
123,Chungking Express (Chung Hing sam lam) (1994),Drama|Mystery|Romance
125,Flirting With Disaster (1996),Comedy
140,Up Close and Personal (1996),Drama|Romance
141,"Birdcage, The (1996)",Comedy
144,"Brothers McMullen, The (1995)",Comedy
152,"Addiction, The (1995)",Drama|Horror
153,Batman Forever (1995),Action|Adventure|Comedy|Crime
154,Beauty of the Day (Belle de jour) (1967),Drama
155,Beyond Rangoon (1995),Adventure|Drama|War
156,Blue in the Face (1995),Comedy|Drama
163,Desperado (1995),Action|Romance|Western
165,Die Hard: With a Vengeance (1995),Action|Crime|Thriller
166,"Doom Generation, The (1995)",Comedy|Crime|Drama
168,First Knight (1995),Action|Drama|Romance
169,Free Willy 2: The Adventure Home (1995),Adventure|Children|Drama
171,Jeffrey (1995),Comedy|Drama
172,Johnny Mnemonic (1995),Action|Sci-Fi|Thriller
180,Mallrats (1995),Comedy|Romance
183,Mute Witness (1994),Comedy|Horror|Thriller
184,Nadja (1994),Drama
185,"Net, The (1995)",Action|Crime|Thriller
187,Party Girl (1995),Comedy
189,Reckless (1995),Comedy|Fantasy
190,Safe (1995),Thriller
191,"Scarlet Letter, The (1995)",Drama|Romance
193,Showgirls (1995),Drama
196,Species (1995),Horror|Sci-Fi
204,Under Siege 2: Dark Territory (1995),Action
205,Unstrung Heroes (1995),Comedy|Drama
207,"Walk in the Clouds, A (1995)",Drama|Romance
215,Before Sunrise (1995),Drama|Romance
228,Destiny Turns on the Radio (1995),Comedy
229,Death and the Maiden (1994),Drama|Thriller
232,Eat Drink Man Woman (Yin shi nan nu) (1994),Comedy|Drama|Romance
235,Ed Wood (1994),Comedy|Drama
236,French Kiss (1995),Action|Comedy|Romance
238,Far From Home: The Adventures of Yellow Dog (1995),Adventure|Children
239,"Goofy Movie, A (1995)",Animation|Children|Comedy|Romance
240,Hideaway (1995),Thriller
242,Farinelli: il castrato (1994),Drama|Musical
243,Gordy (1995),Children|Comedy|Fantasy
247,Heavenly Creatures (1994),Crime|Drama
249,Immortal Beloved (1994),Drama|Romance
250,Heavyweights (Heavy Weights) (1995),Children|Comedy
252,I.Q. (1994),Comedy|Romance
254,Jefferson in Paris (1995),Drama